name;method;param
EVGA 500B 80+ BRONZE;available;True
Samsung 970 EVO SSD;quantity_add;2
pleasant tile;remove;
Razer Variau;price_percent;0.15
stylish wheelbarrow;quantity_add;43
magnificent axe;remove;
trendy scaffolding;quantity_add;63
HP LaserJet Pro;quantity_add;4
elegant melon;price_percent;0.11
amazing mango;price_percent;-0.09
pleasant eye cream;price_percent;-0.08
elegant banana;quantity_add;143
stylish mango;quantity_add;41
pretty hammer;quantity_add;65
beautiful hair mask;quantity_sub;-41
Epson Expression Home XP;available;False
tasteful electrical;quantity_sub;-110
trendy sunscreen;price_percent;0.05
SteelSeries Arctis 7;price_abs;9636
HyperX DDR4 RAM;quantity_sub;-1
refined lip balm;price_abs;3
superb strawberry;price_percent;0.03
delightful guava;quantity_sub;-134
pleasant orange;price_percent;0.07
beautiful banana;quantity_sub;-61
Corsair HS60;quantity_add;7
marvelous insulation;price_percent;-0.1
Intel Core i5;price_abs;1382
WD Blue HDD;quantity_add;4
delightful mango;price_percent;-0.04
HP LaserJet Pro;remove;
glamorous moisturizer;quantity_sub;-101
marvelous moustache wax;price_abs;7
elegant doors;quantity_sub;-95
Corsair HS60;available;False
beautiful nail polish;remove;
refined roofing;quantity_sub;-72
amazing facial cleanser;quantity_sub;-47
Corsair HS60;price_percent;-0.01
elegant wheelbarrow;available;True
Epson Expression Home XP;remove;
trendy toothpaste;price_percent;-0.01
Intel Core i5;quantity_sub;-3
pleasant facial cleanser;quantity_sub;-138
HyperX DDR4 RAM;quantity_add;2
stylish electrical;available;True
amazing mango;price_percent;-0.17
pleasant strawberry;price_abs;12
nice body wash;quantity_add;45
SteelSeries Arctis 7;available;False
glamorous apple;available;False
delightful papaya;quantity_sub;-9
refined melon;price_percent;0.02
exquisite guava;price_abs;7
delightful sunscreen;price_percent;0.02
amazing face wash;remove;
trendy scaffolding;remove;
glamorous lotion;price_percent;0.1
elegant doors;available;True
delightful tape measure;quantity_sub;-24
pleasant tile;quantity_add;104
pleasant siding;quantity_sub;-51
refined conditioner;remove;
trendy boysenberry;price_percent;-0.17
gorgeous apple;available;True
refined roofing;price_percent;0.09
Brother DCP-T510W;available;True
Corsair HS60;available;False
Epson Expression Home XP;price_abs;-10222
refined lip balm;quantity_add;85
sublime glue;quantity_add;16
Intel Core i5;quantity_add;3
elegant doors;price_abs;-9
magnificent perfume;quantity_add;167
elegant cherry;quantity_add;155
sublime orange;price_abs;6
refined conditioner;quantity_add;167
WD Blue HDD;quantity_sub;-6
refined tape measure;available;True
amazing facial cleanser;remove;
sublime trim;quantity_add;45
pleasant tile;price_percent;-0.14
EVGA 500B 80+ BRONZE;remove;
marvelous tile;quantity_add;87
WD Blue HDD;price_abs;11333.300000000001
AMD Ryzen 5;quantity_add;4
amazing face wash;price_abs;-9
stylish baby shampoo;remove;
sublime glue;remove;
refined apricot;quantity_add;74
SteelSeries Arctis 7;quantity_sub;-10
elegant banana;price_abs;2
SteelSeries Arctis 7;quantity_add;2
trendy tape measure;available;False
WD Blue HDD;available;True
delightful sunscreen;quantity_sub;-4
nice melon;quantity_add;20
delightful mango;price_abs;-8
beautiful sunscreen;price_abs;3
elegant sunscreen;quantity_sub;-155
refined roofing;price_abs;2
pretty face wash;remove;
trendy boysenberry;remove;
pleasant apple;price_percent;0.03
Kingston Canvas Select Plus;price_abs;952
amazing pineapple;remove;
gorgeous apple;quantity_sub;-58
amazing siding;quantity_add;14
HP LaserJet Pro;quantity_sub;-8
HP LaserJet Pro;quantity_sub;-6
refined lip balm;quantity_sub;-20
sublime paint;available;False
Kingston Canvas Select Plus;quantity_add;1
pretty hammer;price_percent;-0.04
Kingston Canvas Select Plus;quantity_sub;-4
refined tape measure;available;False
elegant wheelbarrow;remove;
Samsung 970 EVO SSD;quantity_sub;-3
magnificent sunscreen;quantity_add;97
HyperX DDR4 RAM;quantity_add;2
HP LaserJet Pro;quantity_add;4
EVGA 500B 80+ BRONZE;quantity_sub;-1
delightful tape measure;price_percent;0.18
beautiful nail polish;remove;
beautiful nail polish;price_percent;-0.06
SteelSeries Arctis 7;available;True
exquisite moisturizer;available;True
refined hammer;remove;
glamorous serum;price_abs;4
HP LaserJet Pro;available;False
AMD Ryzen 5;quantity_add;2
pleasant orange;quantity_add;81
beautiful boysenberry;price_percent;0.16
Corsair HS60;remove;
sublime blueberry;price_abs;-3
Kingston Canvas Select Plus;remove;
refined lip balm;quantity_add;15
marvelous flooring;available;True
refined roofing;price_percent;-0.05
pretty paint;available;False
magnificent shampoo;quantity_sub;-98
amazing facial cleanser;quantity_sub;-83
gorgeous apple;price_abs;13
beautiful boysenberry;price_abs;-11
nice body wash;price_percent;-0.12
delightful mango;available;False
WD Blue HDD;remove;
attractive papaya;quantity_add;123
beautiful boysenberry;quantity_add;142
superb boysenberry;price_percent;-0.19
Samsung 970 EVO SSD;quantity_sub;-8
marvelous insulation;price_abs;-10
refined hammer;quantity_sub;-108
tasteful papaya;remove;
Kingston Canvas Select Plus;remove;
sublime orange;price_abs;8
magnificent perfume;price_percent;-0.09
exquisite moisturizer;available;True
superb strawberry;price_percent;0.05
NVIDIA GeForce GTX 1050;quantity_sub;-4
Razer Variau;quantity_sub;-3
amazing kiwifruit;quantity_sub;-111
sublime trim;remove;
Kingston Canvas Select Plus;available;True
stylish baby shampoo;price_percent;0.01
AMD Ryzen 5;quantity_add;3
EVGA 500B 80+ BRONZE;available;True
marvelous moustache wax;price_abs;14
Corsair HS60;quantity_add;2
trendy scaffolding;quantity_sub;-77
pleasant strawberry;quantity_sub;-3
sublime trim;quantity_add;84
refined roofing;price_percent;0.09
attractive drywall;quantity_sub;-91
refined cherry;price_abs;8
Logitech Wireless Keyboard;quantity_sub;-12
magnificent screws;remove;
HP LaserJet Pro;price_percent;0.1
attractive siding;price_abs;4
glamorous toner;quantity_add;46
marvelous insulation;available;True
pleasant siding;quantity_add;96
sublime grapes;quantity_sub;-76
attractive perfume;available;False
marvelous ladder;price_abs;4
AMD Ryzen 5;quantity_sub;-2
Razer Variau;price_abs;-14720
Corsair HS60;price_percent;-0.05
attractive papaya;remove;
Intel Core i5;price_percent;-0.15
refined body wash;quantity_sub;-71
amazing facial cleanser;price_abs;4
luxurious raspberry;remove;
Intel Core i5;quantity_add;4
amazing face wash;price_abs;-2
refined conditioner;remove;
luxurious raspberry;remove;
Epson Expression Home XP;price_percent;0.02
AMD Ryzen 5;remove;
Intel Core i5;quantity_sub;-2
stylish mango;available;True
SteelSeries Arctis 7;quantity_sub;-10
HP LaserJet Pro;remove;
Ricoh Aficio MP;available;False
sublime trim;quantity_sub;-23
refined cherry;quantity_add;38
elegant doors;remove;
refined lip balm;quantity_add;48
magnificent shampoo;remove;
SteelSeries Arctis 7;price_percent;0.13
SteelSeries Arctis 7;remove;
delightful sunscreen;available;True
magnificent sunscreen;remove;
Kingston Canvas Select Plus;quantity_sub;-2
sublime orange;available;True
delightful toner;available;True
Kingston Canvas Select Plus;quantity_sub;-1
Corsair HS60;available;False
magnificent perfume;remove;
magnificent screws;quantity_add;50
WD Blue HDD;quantity_sub;-6
refined roofing;available;False
tasteful papaya;quantity_sub;-116
Epson Expression Home XP;remove;
amazing screws;price_percent;0.16
sublime paint;quantity_add;24
stylish mango;remove;
marvelous shampoo;remove;
stylish mango;price_abs;-4
refined cherry;price_percent;-0.1
refined melon;available;True
Intel Core i5;price_abs;8911
NVIDIA GeForce GTX 1050;quantity_add;1
amazing facial cleanser;available;True
Samsung 970 EVO SSD;available;True
magnificent screws;price_abs;-5
marvelous shampoo;quantity_add;79
glamorous apple;available;True
tasteful glue;remove;
trendy level;quantity_sub;-111
refined banana;remove;
amazing kiwifruit;price_percent;0.14
pleasant siding;quantity_sub;-42
EVGA 500B 80+ BRONZE;quantity_add;4
Samsung 970 EVO SSD;price_percent;-0.07
Corsair HS60;price_percent;-0.09
EVGA 500B 80+ BRONZE;price_abs;2909
delightful kiwifruit;quantity_add;77
pleasant facial cleanser;price_percent;0.01
attractive siding;quantity_add;7
Samsung 970 EVO SSD;quantity_sub;-5
stylish mango;price_abs;33.143
SteelSeries Arctis 7;remove;
Epson Expression Home XP;price_percent;-0.2
trendy axe;available;True
Corsair HS60;remove;
amazing face wash;price_percent;-0.14
refined lip balm;price_abs;3
NVIDIA GeForce GTX 1050;available;False
refined melon;quantity_add;65
AMD Ryzen 5;quantity_sub;-2
pleasant strawberry;price_percent;-0.04
delightful lotion;price_percent;-0.03
nice paint;price_percent;-0.03
pleasant facial cleanser;available;True
NVIDIA GeForce GTX 1050;quantity_sub;-3
sublime blueberry;remove;
attractive siding;quantity_add;3
Intel Core i5;quantity_sub;-1
Samsung 970 EVO SSD;price_percent;-0.03
Corsair HS60;price_abs;-5303
exquisite moisturizer;remove;
HP LaserJet Pro;available;False
WD Blue HDD;price_percent;-0.15
trendy tape measure;quantity_sub;-65
Ricoh Aficio MP;quantity_add;3
gorgeous apple;quantity_add;25
marvelous ladder;price_percent;0.09
pleasant apple;price_percent;0.15
trendy night cream;price_percent;0.04
stylish manicure set;quantity_add;17
nice serum;price_abs;13
sublime glue;quantity_add;111
elegant cherry;available;True
EVGA 500B 80+ BRONZE;quantity_add;5
HP LaserJet Pro;quantity_add;2
stylish mango;price_abs;-2
Samsung 970 EVO SSD;remove;
attractive perfume;price_percent;-0.02
beautiful sunscreen;quantity_add;94
trendy facial cleanser;quantity_sub;-131
beautiful banana;available;False
Epson Expression Home XP;price_abs;2497
refined body wash;quantity_sub;-22
trendy night cream;price_abs;1
Kingston Canvas Select Plus;price_abs;-3412
attractive papaya;available;False
Brother DCP-T510W;quantity_sub;-1
HP LaserJet Pro;available;False
refined body wash;quantity_add;147
SteelSeries Arctis 7;available;True
amazing mango;remove;
marvelous moustache wax;quantity_sub;-36
AMD Ryzen 5;quantity_add;4
pleasant tile;quantity_add;24
Samsung 970 EVO SSD;remove;
marvelous insulation;price_abs;-2
magnificent toner;quantity_sub;-177
glamorous ladder;price_percent;0.19
marvelous insulation;remove;
Intel Core i5;price_percent;-0.05
magnificent shampoo;available;True
sublime paint;quantity_add;118
delightful mango;price_abs;12
trendy boysenberry;price_abs;-10
attractive toothpaste;remove;
delightful scaffolding;price_percent;0.11
sublime blueberry;quantity_sub;-46
pleasant cranberry;available;True
superb boysenberry;price_percent;-0.19
delightful serum;available;True
Ricoh Aficio MP;available;True
delightful tape measure;quantity_add;83
superb strawberry;available;False
beautiful boysenberry;remove;
pretty toner;price_abs;14
Corsair HS60;remove;
magnificent screws;quantity_sub;-83
EVGA 500B 80+ BRONZE;remove;
elegant makeup remover;available;True
WD Blue HDD;remove;
Corsair HS60;quantity_sub;-5
marvelous insulation;price_abs;3
Kingston Canvas Select Plus;price_percent;0.03
stylish mango;available;True
AMD Ryzen 5;quantity_sub;-4
beautiful nail polish;available;True
trendy tape measure;available;False
refined conditioner;available;True
elegant sunscreen;price_percent;-0.17
delightful nails;quantity_add;26
refined tape measure;quantity_sub;-77
pleasant facial cleanser;quantity_sub;-35
AMD Ryzen 5;price_abs;-320
trendy facial cleanser;quantity_sub;-15
Epson Expression Home XP;price_percent;-0.09
HyperX DDR4 RAM;quantity_sub;-1
NVIDIA GeForce GTX 1050;remove;
exquisite moisturizer;quantity_sub;-54
elegant wheelbarrow;quantity_sub;-29
stylish lip balm;quantity_sub;-135
sublime paint;price_abs;4
exquisite paint;price_percent;-0.19
refined chisel;price_percent;-0.01
attractive drywall;price_abs;8
elegant wheelbarrow;available;True
delightful mango;price_abs;8
pretty face wash;remove;
pleasant apple;quantity_add;89
pleasant cranberry;quantity_add;88
pleasant insulation;price_abs;0
marvelous moustache wax;quantity_add;22
delightful sunscreen;quantity_sub;-66
trendy boysenberry;quantity_sub;-34
Ricoh Aficio MP;quantity_sub;-2
Samsung 970 EVO SSD;quantity_add;3
beautiful boysenberry;available;True
glamorous ladder;quantity_sub;-98
sublime orange;price_abs;-1
luxurious raspberry;available;True
stylish mango;quantity_sub;-127
HP LaserJet Pro;quantity_sub;-10
refined roofing;quantity_sub;-45
refined conditioner;available;False
nice paint;available;True
gorgeous nail polish;quantity_add;4
refined body wash;quantity_add;38
delightful mango;price_percent;0.01
pleasant strawberry;available;True
Razer Variau;price_percent;0.19
Intel Core i5;remove;
pretty face wash;remove;
HyperX DDR4 RAM;quantity_add;2
elegant cherry;remove;
AMD Ryzen 5;remove;
pleasant insulation;remove;
AMD Ryzen 5;quantity_sub;-2
AMD Ryzen 5;available;True
pleasant strawberry;available;False
delightful serum;price_percent;0.19
sublime blueberry;available;False
refined chisel;available;True
delightful nails;quantity_sub;-73
sublime glue;quantity_add;102
attractive drywall;price_percent;-0.09
HyperX DDR4 RAM;price_percent;0.18
stylish mango;quantity_add;17
Epson Expression Home XP;price_abs;-9731
luxurious raspberry;available;True
beautiful sunscreen;price_abs;-4
pretty toner;available;False
refined roofing;price_percent;-0.19
Samsung 970 EVO SSD;remove;
amazing screws;available;True
Epson Expression Home XP;remove;
Razer Variau;quantity_add;4
delightful toner;quantity_sub;-88
pretty face wash;price_percent;0.11
superb strawberry;price_percent;0.17
beautiful hair mask;price_percent;0.15
tasteful electrical;quantity_add;86
trendy night cream;quantity_sub;-68
delightful blackberry;price_abs;-2
HyperX DDR4 RAM;available;True
pleasant apple;price_abs;13
marvelous ladder;remove;
glamorous apple;price_percent;-0.05
WD Blue HDD;available;True
magnificent sunscreen;price_abs;13
sublime trim;price_abs;4
AMD Ryzen 5;quantity_sub;-2
WD Blue HDD;quantity_add;3
nice wallpaper;quantity_add;68
SteelSeries Arctis 7;quantity_add;2
glamorous ladder;available;True
sublime paint;quantity_add;4
glamorous toner;remove;
delightful sunscreen;remove;
Corsair HS60;quantity_add;5
superb strawberry;quantity_sub;-172
EVGA 500B 80+ BRONZE;quantity_sub;-6
Intel Core i5;remove;
glamorous lotion;price_abs;22.242
NVIDIA GeForce GTX 1050;quantity_add;4
delightful blackberry;available;True
Canon PIXMA;available;True
Brother DCP-T510W;price_abs;1102
nice wallpaper;quantity_sub;-11
attractive siding;remove;
Kingston Canvas Select Plus;available;True
delightful tape measure;quantity_sub;-53
attractive papaya;quantity_add;63
marvelous tile;quantity_add;89
Epson Expression Home XP;remove;
EVGA 500B 80+ BRONZE;quantity_sub;-3
elegant melon;quantity_add;18
attractive papaya;remove;
Samsung 970 EVO SSD;price_percent;0.08
marvelous shampoo;quantity_add;13
refined roofing;price_abs;-12
trendy blueberry;remove;
AMD Ryzen 5;quantity_sub;-2
Intel Core i5;price_abs;7005
attractive toothpaste;remove;
beautiful sunscreen;available;False
luxurious toothpaste;price_abs;77.165
SteelSeries Arctis 7;quantity_sub;-6
marvelous moustache wax;remove;
Samsung 970 EVO SSD;price_abs;-89
Corsair HS60;price_abs;4732
marvelous moustache wax;quantity_sub;-116
glamorous toner;quantity_add;111
EVGA 500B 80+ BRONZE;quantity_sub;-5
Razer Variau;quantity_sub;-4
superb boysenberry;price_abs;-4
refined cherry;price_percent;0.15
gorgeous bubble bath;available;False
stylish baby shampoo;remove;
magnificent screws;quantity_sub;-38
EVGA 500B 80+ BRONZE;quantity_sub;-3
Brother DCP-T510W;quantity_add;3
delightful toner;quantity_sub;-84
trendy axe;quantity_sub;-133
elegant sunscreen;price_abs;-1
NVIDIA GeForce GTX 1050;quantity_add;5
pleasant facial cleanser;quantity_add;173
amazing facial cleanser;remove;
pleasant orange;price_percent;0.13
glamorous apple;quantity_sub;-102
tasteful electrical;price_percent;-0.15
stylish manicure set;price_percent;0.05
elegant melon;quantity_sub;-64
superb boysenberry;quantity_add;1
NVIDIA GeForce GTX 1050;quantity_add;1
beautiful sunscreen;price_abs;38.126
WD Blue HDD;price_percent;-0.16
stylish manicure set;remove;
HyperX DDR4 RAM;quantity_add;7
Logitech Wireless Keyboard;price_percent;0.12
beautiful nail polish;price_abs;82.32400000000001
pleasant cranberry;available;False
elegant melon;quantity_sub;-116
EVGA 500B 80+ BRONZE;available;True
elegant wheelbarrow;price_percent;0.03
trendy axe;available;True
refined lip balm;available;True
delightful kiwifruit;price_abs;-4
Corsair HS60;remove;
amazing screws;quantity_sub;-111
Corsair HS60;remove;
elegant sunscreen;price_percent;-0.09
Kingston Canvas Select Plus;quantity_add;2
Samsung 970 EVO SSD;price_abs;83740.8
amazing mango;quantity_add;175
Kingston Canvas Select Plus;quantity_sub;-2
superb boysenberry;available;True
NVIDIA GeForce GTX 1050;quantity_add;5
glamorous toner;remove;
glamorous serum;remove;
tasteful electrical;remove;
Kingston Canvas Select Plus;price_percent;-0.04
Razer Variau;quantity_add;8
Corsair HS60;quantity_add;5
pleasant eye cream;price_abs;-6
pretty toner;price_abs;101.14500000000001
amazing screws;price_abs;12
Samsung 970 EVO SSD;price_percent;-0.19
trendy facial cleanser;available;False
SteelSeries Arctis 7;price_percent;-0.11
refined lip balm;price_percent;-0.08
sublime trim;available;True
beautiful boysenberry;quantity_sub;-62
refined chisel;price_percent;-0.13
stylish manicure set;price_percent;-0.16
NVIDIA GeForce GTX 1050;quantity_sub;-2
tasteful saw;quantity_add;98
AMD Ryzen 5;price_percent;0.05
attractive drywall;price_percent;-0.13
Corsair HS60;price_percent;-0.02
delightful lotion;price_abs;9
elegant makeup remover;price_abs;-8
magnificent sunscreen;available;True
marvelous tile;quantity_add;87
sublime blueberry;remove;
Corsair HS60;price_abs;17890
magnificent baby shampoo;remove;
Corsair HS60;price_percent;0.18
tasteful electrical;price_abs;7
pretty toner;price_abs;6
delightful glue;quantity_sub;-95
refined conditioner;price_percent;0.11
nice serum;remove;
Ricoh Aficio MP;remove;
elegant sunscreen;price_percent;0.12
refined banana;price_percent;0.05
stylish mango;price_abs;-1
delightful moisturizer;available;True
elegant ladder;available;True
Razer Variau;quantity_sub;-4
glamorous blackberry;price_percent;0.17
gorgeous apple;remove;
marvelous insulation;remove;
trendy tape measure;remove;
trendy axe;price_percent;0.04
Intel Core i5;quantity_sub;-5
Epson Expression Home XP;price_abs;100261.70000000001
Ricoh Aficio MP;quantity_sub;-13
Corsair HS60;quantity_sub;-2
elegant makeup remover;available;True
glamorous lotion;price_percent;-0.16
marvelous flooring;quantity_add;113
attractive papaya;remove;
Brother DCP-T510W;remove;
Intel Core i5;available;False
pretty face wash;quantity_sub;-99
nice paint;price_percent;0.11
stylish mango;quantity_add;48
Epson Expression Home XP;quantity_sub;-2
refined chisel;quantity_sub;-119
pretty paint;price_abs;-7
delightful kiwifruit;remove;
nice ladder;quantity_add;134
refined body wash;quantity_add;99
Corsair HS60;available;True
luxurious raspberry;remove;
Ricoh Aficio MP;quantity_sub;-7
Ricoh Aficio MP;price_percent;-0.03
Samsung 970 EVO SSD;quantity_add;4
marvelous moustache wax;quantity_sub;-114
elegant ladder;remove;
EVGA 500B 80+ BRONZE;quantity_add;2
pretty face wash;remove;
Intel Core i5;price_abs;14753
Corsair HS60;quantity_add;4
NVIDIA GeForce GTX 1050;quantity_sub;-4
trendy axe;remove;
pleasant eye cream;price_abs;5
exquisite moisturizer;remove;
trendy level;price_abs;0
refined lip balm;remove;
Ricoh Aficio MP;available;True
SteelSeries Arctis 7;price_abs;7838
pretty toner;quantity_add;60
amazing guava;remove;
trendy sunscreen;available;True
pretty face wash;quantity_sub;-28
elegant banana;price_percent;0.07
delightful scaffolding;quantity_sub;-74
EVGA 500B 80+ BRONZE;quantity_add;5
NVIDIA GeForce GTX 1050;quantity_sub;-2
Samsung 970 EVO SSD;price_percent;0.0
pretty hammer;available;True
elegant makeup remover;quantity_sub;-118
stylish baby shampoo;available;True
trendy toothpaste;price_percent;0.09
glamorous blackberry;quantity_sub;-72
amazing face wash;quantity_sub;-7
Corsair HS60;quantity_sub;-1
sublime glue;price_percent;0.09
refined roofing;quantity_sub;-72
delightful serum;quantity_sub;-63
delightful kiwifruit;price_abs;10
attractive drywall;quantity_sub;-161
trendy blueberry;quantity_add;4
NVIDIA GeForce GTX 1050;quantity_sub;-1
Epson Expression Home XP;quantity_sub;-1
marvelous moustache wax;available;False
beautiful nail polish;price_percent;0.16
marvelous ladder;quantity_sub;-121
Ricoh Aficio MP;quantity_add;5
pleasant apple;price_abs;9
superb strawberry;quantity_sub;-63
trendy night cream;remove;
pleasant facial cleanser;quantity_sub;-102
Epson Expression Home XP;quantity_sub;-3
nice wallpaper;price_percent;0.03
elegant doors;price_abs;-14
Razer Variau;price_abs;-3828
pleasant insulation;quantity_add;40
HyperX DDR4 RAM;price_percent;0.09
exquisite paint;remove;
delightful papaya;available;False
EVGA 500B 80+ BRONZE;price_abs;10657
pleasant insulation;quantity_sub;-147
beautiful boysenberry;price_abs;63.03
beautiful nail polish;quantity_sub;-122
marvelous wheelbarrow;quantity_add;95
amazing mango;quantity_add;157
magnificent shampoo;available;True
SteelSeries Arctis 7;quantity_sub;-7
gorgeous apple;price_percent;0.19
refined lip balm;quantity_add;21
EVGA 500B 80+ BRONZE;quantity_add;4
HyperX DDR4 RAM;remove;
delightful sunscreen;price_abs;-9
SteelSeries Arctis 7;available;True
gorgeous nail polish;price_abs;4
delightful lotion;remove;
Epson Expression Home XP;price_percent;0.15
NVIDIA GeForce GTX 1050;available;True
EVGA 500B 80+ BRONZE;remove;
Kingston Canvas Select Plus;price_percent;0.16
Intel Core i5;remove;
pleasant eye cream;remove;
beautiful boysenberry;quantity_sub;-158
Kingston Canvas Select Plus;quantity_sub;-3
elegant sunscreen;quantity_add;107
delightful papaya;quantity_add;3
elegant wheelbarrow;available;True
Intel Core i5;remove;
elegant ladder;price_percent;-0.13
HP LaserJet Pro;price_percent;-0.03
Samsung 970 EVO SSD;price_abs;-745
nice paint;remove;
marvelous shampoo;quantity_add;46
glamorous serum;available;False
attractive toothpaste;quantity_sub;-66
Kingston Canvas Select Plus;available;True
Ricoh Aficio MP;quantity_add;13
elegant makeup remover;available;True
Corsair HS60;quantity_add;9
SteelSeries Arctis 7;quantity_sub;-2
pleasant cranberry;remove;
glamorous perfume;quantity_sub;-35
attractive papaya;quantity_sub;-44
refined conditioner;available;False
refined melon;available;False
SteelSeries Arctis 7;quantity_add;4
HyperX DDR4 RAM;price_percent;0.01
delightful blackberry;available;True
stylish mango;price_percent;-0.1
beautiful sunscreen;quantity_sub;-106
pretty paint;quantity_add;107
HP LaserJet Pro;price_abs;-2071
EVGA 500B 80+ BRONZE;available;True
glamorous blackberry;available;False
marvelous flooring;available;False
AMD Ryzen 5;quantity_add;3
marvelous insulation;quantity_add;118
Corsair HS60;quantity_sub;-4
marvelous tile;remove;
HyperX DDR4 RAM;price_percent;0.02
trendy sunscreen;remove;
SteelSeries Arctis 7;price_abs;-3091
magnificent shampoo;remove;
AMD Ryzen 5;price_abs;-1477
nice serum;quantity_sub;-108
Razer Variau;price_percent;-0.07
nice melon;price_abs;3
magnificent perfume;price_abs;3
WD Blue HDD;remove;
HP LaserJet Pro;available;True
amazing pineapple;price_abs;-8
Brother DCP-T510W;price_abs;-6912
exquisite moisturizer;price_percent;0.12
stylish baby shampoo;price_abs;9
delightful mango;available;True
nice body wash;price_abs;83.18200000000002
refined chisel;available;True
delightful mango;price_percent;-0.17
delightful papaya;price_percent;-0.09
gorgeous nail polish;price_percent;0.05
SteelSeries Arctis 7;available;True
elegant cherry;price_abs;-4
Intel Core i5;price_abs;-11686
glamorous blackberry;price_abs;94.91900000000001
glamorous perfume;price_abs;2
HyperX DDR4 RAM;quantity_sub;-2
pleasant cranberry;quantity_add;10
SteelSeries Arctis 7;available;False
elegant cherry;remove;
glamorous blackberry;price_percent;0.02
beautiful boysenberry;remove;
Intel Core i5;price_abs;-5718
stylish mango;remove;
elegant cherry;price_abs;6
Logitech Wireless Keyboard;quantity_sub;-4
Kingston Canvas Select Plus;remove;
exquisite moisturizer;quantity_sub;-14
pretty paint;remove;
Razer Variau;available;False
elegant makeup remover;quantity_add;57
sublime trim;available;True
glamorous ladder;quantity_add;40
NVIDIA GeForce GTX 1050;quantity_add;1
pleasant insulation;remove;
Samsung 970 EVO SSD;quantity_add;8
stylish manicure set;remove;
refined tape measure;quantity_sub;-8
delightful sunscreen;quantity_add;28
amazing face wash;price_percent;-0.09
Brother DCP-T510W;quantity_sub;-3
Corsair HS60;quantity_add;2
tasteful glue;price_abs;85.602
HP LaserJet Pro;remove;
HP LaserJet Pro;price_abs;-3102
Razer Variau;price_abs;8120
attractive lip balm;remove;
glamorous apple;available;True
elegant doors;quantity_sub;-124
Logitech Wireless Keyboard;quantity_add;4
pretty toner;price_percent;0.0
HP LaserJet Pro;quantity_add;8
elegant cherry;quantity_add;32
pleasant eye cream;quantity_sub;-56
Epson Expression Home XP;price_percent;0.02
amazing guava;quantity_add;69
sublime trim;quantity_sub;-102
exquisite guava;price_abs;5
glamorous moisturizer;quantity_add;48
magnificent shampoo;quantity_add;160
trendy night cream;quantity_sub;-22
EVGA 500B 80+ BRONZE;quantity_sub;-4
elegant wheelbarrow;quantity_add;135
refined lip balm;quantity_add;111
refined conditioner;remove;
Samsung 970 EVO SSD;quantity_add;8
elegant makeup remover;price_abs;0
nice paint;price_abs;0
elegant ladder;quantity_sub;-42
attractive drywall;price_abs;10
refined apricot;price_percent;-0.18
EVGA 500B 80+ BRONZE;price_percent;0.13
delightful glue;quantity_add;28
pretty face wash;price_percent;0.03
refined conditioner;remove;
pleasant facial cleanser;quantity_sub;-118
Samsung 970 EVO SSD;price_percent;-0.17
sublime paint;price_abs;2
WD Blue HDD;price_abs;83
refined conditioner;quantity_add;5
luxurious raspberry;price_abs;8
Intel Core i5;price_percent;-0.1
Kingston Canvas Select Plus;remove;
refined body wash;remove;
nice paint;price_abs;-14
delightful blackberry;remove;
WD Blue HDD;remove;
sublime grapes;quantity_add;104
HP LaserJet Pro;price_abs;-8820
luxurious raspberry;price_percent;-0.03
beautiful sunscreen;quantity_add;75
Intel Core i5;quantity_sub;-9
trendy boysenberry;price_abs;-7
Corsair HS60;quantity_sub;-13
elegant ladder;available;True
delightful moisturizer;price_abs;2
magnificent screws;quantity_add;94
Ricoh Aficio MP;available;True
pleasant siding;price_percent;0.11
Brother DCP-T510W;quantity_add;4
pleasant eye cream;quantity_add;59
refined roofing;quantity_sub;-7
Intel Core i5;price_percent;-0.07
amazing axe;price_abs;-6
amazing mango;remove;
pleasant facial cleanser;price_percent;-0.01
HP LaserJet Pro;quantity_add;4
Epson Expression Home XP;price_percent;-0.07
pretty hammer;quantity_add;52
pretty hammer;available;True
SteelSeries Arctis 7;quantity_sub;-3
sublime paint;available;False
gorgeous bubble bath;remove;
pleasant apple;quantity_sub;-80
sublime blueberry;remove;
marvelous ladder;quantity_sub;-150
delightful toner;price_percent;0.1
pleasant apple;price_abs;-5
refined melon;price_percent;-0.1
NVIDIA GeForce GTX 1050;available;True
amazing screws;remove;
elegant cherry;quantity_sub;-75
Corsair HS60;price_abs;-4152
SteelSeries Arctis 7;available;True
NVIDIA GeForce GTX 1050;quantity_sub;-1
stylish manicure set;price_abs;1
Corsair HS60;quantity_add;6
sublime glue;remove;
Epson Expression Home XP;price_percent;-0.15
Epson Expression Home XP;quantity_sub;-1
Brother DCP-T510W;quantity_sub;-3
superb boysenberry;quantity_add;130
Corsair HS60;available;False
HyperX DDR4 RAM;quantity_add;1
SteelSeries Arctis 7;price_abs;2065
delightful blackberry;price_percent;0.11
elegant sunscreen;price_abs;-4
superb strawberry;quantity_sub;-68
refined lip balm;quantity_add;96
gorgeous apple;available;True
pleasant eye cream;quantity_sub;-85
Intel Core i5;quantity_sub;-6
pretty toner;quantity_add;140
gorgeous apple;remove;
Corsair HS60;quantity_sub;-2
sublime blueberry;available;True
Ricoh Aficio MP;price_percent;0.07
HyperX DDR4 RAM;available;True
Kingston Canvas Select Plus;price_abs;948
beautiful nail polish;remove;
delightful tape measure;available;True
delightful mango;remove;
stylish manicure set;quantity_sub;-80
elegant ladder;price_percent;0.12
WD Blue HDD;price_abs;-622
beautiful sunscreen;remove;
Kingston Canvas Select Plus;price_percent;0.04
attractive siding;quantity_add;145
sublime paint;price_abs;0
trendy axe;price_abs;5
refined lip balm;quantity_add;61
Intel Core i5;quantity_sub;-4
trendy scaffolding;quantity_sub;-117
glamorous moisturizer;price_percent;0.0
trendy boysenberry;quantity_add;28
trendy tape measure;remove;
SteelSeries Arctis 7;remove;
delightful toner;quantity_add;42
HyperX DDR4 RAM;quantity_sub;-1
delightful lotion;quantity_sub;-22
pleasant insulation;available;False
sublime orange;price_percent;-0.02
amazing facial cleanser;quantity_sub;-51
WD Blue HDD;remove;
delightful moisturizer;remove;
Canon PIXMA;price_abs;1718
pleasant tile;remove;
marvelous ladder;price_abs;-1
exquisite moisturizer;price_abs;-2
magnificent screws;quantity_sub;-33
HP LaserJet Pro;quantity_add;1
Brother DCP-T510W;quantity_sub;-14
Canon PIXMA;price_abs;-81
pleasant insulation;available;True
delightful tape measure;quantity_add;103
delightful mango;price_abs;-6
superb boysenberry;quantity_add;12
delightful glue;remove;
refined cherry;quantity_add;22
NVIDIA GeForce GTX 1050;quantity_add;3
trendy night cream;price_percent;-0.17
AMD Ryzen 5;price_abs;-1027
sublime blueberry;available;False
HyperX DDR4 RAM;quantity_add;7
trendy level;available;True
pleasant orange;price_abs;2
elegant wheelbarrow;price_abs;-1
Intel Core i5;price_abs;7195
trendy axe;price_abs;58.32200000000001
WD Blue HDD;remove;
Corsair HS60;quantity_add;2
beautiful banana;available;True
delightful tape measure;quantity_sub;-149
Razer Variau;price_percent;-0.1
marvelous ladder;price_percent;-0.16
elegant makeup remover;available;False
glamorous blackberry;price_percent;0.01
pretty face wash;price_abs;2
Corsair HS60;available;True
Brother DCP-T510W;quantity_sub;-4
refined tape measure;quantity_add;106
gorgeous nail polish;quantity_add;103
Corsair HS60;quantity_sub;-10
attractive papaya;price_percent;0.19
Ricoh Aficio MP;available;True
AMD Ryzen 5;price_percent;0.11
refined tape measure;price_abs;-5
Corsair HS60;price_abs;11013
marvelous insulation;price_abs;9
HyperX DDR4 RAM;remove;
sublime orange;price_percent;0.18
tasteful papaya;price_percent;-0.18
NVIDIA GeForce GTX 1050;quantity_add;2
glamorous lotion;quantity_add;129
Logitech Wireless Keyboard;remove;
Intel Core i5;remove;
sublime trim;quantity_add;12
elegant makeup remover;quantity_sub;-126
amazing screws;price_percent;-0.03
trendy axe;available;False
Intel Core i5;quantity_add;10
HP LaserJet Pro;remove;
refined apricot;price_percent;0.05
beautiful nail polish;quantity_add;102
sublime orange;quantity_sub;-30
delightful tape measure;price_abs;4
HP LaserJet Pro;remove;
nice paint;price_abs;9
exquisite moisturizer;price_percent;-0.05
gorgeous apple;price_abs;8
NVIDIA GeForce GTX 1050;quantity_sub;-5
refined chisel;price_abs;-7
refined body wash;price_percent;-0.02
trendy level;quantity_add;6
beautiful hair mask;quantity_sub;-54
glamorous blackberry;remove;
SteelSeries Arctis 7;quantity_add;1
delightful tape measure;quantity_sub;-87
Ricoh Aficio MP;price_percent;-0.06
elegant cherry;available;False
SteelSeries Arctis 7;price_abs;-16558
marvelous flooring;available;False
pleasant cranberry;quantity_sub;-73
WD Blue HDD;remove;
trendy roofing;available;False
refined melon;remove;
Canon PIXMA;price_percent;-0.07
glamorous lotion;quantity_add;24
refined chisel;remove;
magnificent baby shampoo;quantity_add;22
Epson Expression Home XP;price_abs;18190
pleasant insulation;quantity_add;61
pretty face wash;remove;
gorgeous nail polish;price_percent;0.12
WD Blue HDD;price_abs;34750.100000000006
Epson Expression Home XP;price_percent;0.17
WD Blue HDD;price_abs;10913
EVGA 500B 80+ BRONZE;price_percent;0.13
Kingston Canvas Select Plus;price_percent;0.01
NVIDIA GeForce GTX 1050;quantity_sub;-3
EVGA 500B 80+ BRONZE;quantity_add;1
magnificent shampoo;remove;
glamorous lotion;remove;
delightful scaffolding;available;True
superb boysenberry;available;True
Corsair HS60;price_abs;-5716
glamorous perfume;price_percent;-0.07
trendy sunscreen;quantity_sub;-47
exquisite paint;remove;
pleasant apple;quantity_add;109
nice serum;quantity_sub;-82
HyperX DDR4 RAM;price_percent;-0.12
exquisite guava;remove;
elegant doors;quantity_sub;-2
amazing facial cleanser;available;True
refined chisel;price_percent;-0.02
elegant banana;price_abs;4
marvelous moustache wax;remove;
delightful sunscreen;quantity_sub;-29
SteelSeries Arctis 7;remove;
refined chisel;available;False
stylish baby shampoo;price_percent;0.14
Intel Core i5;available;True
NVIDIA GeForce GTX 1050;quantity_add;1
pleasant facial cleanser;remove;
HP LaserJet Pro;available;False
Ricoh Aficio MP;quantity_add;13
elegant ladder;remove;
beautiful nail polish;available;True
pleasant tile;price_abs;-10
Samsung 970 EVO SSD;remove;
NVIDIA GeForce GTX 1050;quantity_add;1
Intel Core i5;available;True
SteelSeries Arctis 7;available;True
SteelSeries Arctis 7;remove;
superb strawberry;quantity_add;55
elegant banana;remove;
refined conditioner;price_percent;-0.12
attractive papaya;quantity_sub;-72
SteelSeries Arctis 7;quantity_add;3
Razer Variau;price_abs;7985
Samsung 970 EVO SSD;price_abs;7885
marvelous flooring;remove;
elegant makeup remover;remove;
tasteful glue;remove;
HyperX DDR4 RAM;quantity_sub;-1
Corsair HS60;available;False
Intel Core i5;quantity_add;7
Kingston Canvas Select Plus;quantity_sub;-2
AMD Ryzen 5;quantity_sub;-1
refined melon;available;True
sublime glue;quantity_add;70
beautiful night cream;remove;
trendy boysenberry;price_percent;-0.06
HyperX DDR4 RAM;quantity_sub;-6
glamorous blackberry;price_percent;0.09
SteelSeries Arctis 7;price_percent;0.11
Kingston Canvas Select Plus;available;True
pleasant tile;quantity_add;81
elegant wheelbarrow;price_abs;4
pretty toner;price_abs;-18
sublime orange;price_abs;2
marvelous ladder;price_percent;-0.01
refined melon;quantity_sub;-54
Kingston Canvas Select Plus;remove;
pleasant siding;remove;
tasteful glue;remove;
WD Blue HDD;quantity_sub;-1
trendy night cream;quantity_sub;-69
EVGA 500B 80+ BRONZE;price_percent;0.07
SteelSeries Arctis 7;price_abs;-9258
pretty toner;quantity_sub;-136
pleasant insulation;quantity_sub;-14
pleasant orange;price_percent;0.03
Corsair HS60;remove;
SteelSeries Arctis 7;quantity_add;5
Corsair HS60;price_percent;0.01
exquisite moisturizer;price_percent;-0.13
Canon PIXMA;quantity_sub;-1
pleasant tile;quantity_sub;-94
glamorous ladder;quantity_sub;-88
Corsair HS60;available;True
trendy facial cleanser;quantity_add;170
pretty toner;remove;
WD Blue HDD;price_percent;-0.19
tasteful glue;price_abs;-11
magnificent shampoo;quantity_add;30
gorgeous nail polish;price_abs;15
marvelous insulation;remove;
SteelSeries Arctis 7;quantity_add;3
pretty paint;price_abs;2
Samsung 970 EVO SSD;quantity_add;7
HP LaserJet Pro;quantity_add;3
magnificent perfume;quantity_add;160
delightful serum;remove;
tasteful glue;quantity_sub;-31
Logitech Wireless Keyboard;price_percent;-0.02
Samsung 970 EVO SSD;available;True
AMD Ryzen 5;available;True
amazing mango;price_percent;-0.18
stylish manicure set;available;False
beautiful boysenberry;remove;
Corsair HS60;quantity_sub;-2
HP LaserJet Pro;quantity_add;5
refined roofing;remove;
NVIDIA GeForce GTX 1050;available;True
trendy toothpaste;quantity_add;54
elegant doors;price_abs;85.83300000000001
Razer Variau;quantity_add;3
glamorous blackberry;quantity_sub;-130
amazing mango;quantity_add;17
pleasant tile;quantity_sub;-36
amazing guava;quantity_sub;-177
pretty paint;remove;
pleasant orange;price_percent;-0.08
Ricoh Aficio MP;quantity_sub;-6
refined conditioner;price_abs;-4
luxurious raspberry;quantity_sub;-44
NVIDIA GeForce GTX 1050;price_abs;11648
trendy night cream;price_abs;1
Samsung 970 EVO SSD;price_abs;985
glamorous ladder;available;True
delightful toner;price_abs;98.49400000000001
elegant doors;remove;
nice wallpaper;quantity_add;32
pretty hammer;price_abs;-6
Samsung 970 EVO SSD;quantity_sub;-3
Logitech Wireless Keyboard;price_abs;1940
HyperX DDR4 RAM;quantity_sub;-2
Ricoh Aficio MP;price_percent;0.1
HP LaserJet Pro;remove;
attractive lip balm;quantity_sub;-105
Logitech Wireless Keyboard;price_percent;-0.14
glamorous serum;available;True
nice paint;available;False
pretty paint;available;False
SteelSeries Arctis 7;price_percent;0.04
marvelous flooring;remove;
nice serum;quantity_sub;-92
marvelous moustache wax;quantity_add;77
trendy axe;quantity_add;36
HyperX DDR4 RAM;available;True
amazing guava;price_percent;-0.03
pleasant facial cleanser;price_abs;0
EVGA 500B 80+ BRONZE;remove;
sublime trim;quantity_sub;-7
Epson Expression Home XP;price_percent;0.11
EVGA 500B 80+ BRONZE;remove;
exquisite paint;quantity_add;106
EVGA 500B 80+ BRONZE;quantity_add;3
AMD Ryzen 5;quantity_add;4
Ricoh Aficio MP;quantity_sub;-14
pleasant strawberry;remove;
elegant banana;quantity_sub;-69
pleasant siding;price_percent;0.11
Canon PIXMA;available;True
elegant makeup remover;remove;
HyperX DDR4 RAM;quantity_add;4
marvelous insulation;quantity_sub;-75
Ricoh Aficio MP;available;True
exquisite moisturizer;remove;
refined hammer;quantity_add;71
elegant doors;available;True
amazing guava;remove;
trendy blueberry;available;True
superb strawberry;price_percent;0.16
Corsair HS60;remove;
NVIDIA GeForce GTX 1050;available;True
SteelSeries Arctis 7;remove;
delightful nails;quantity_add;29
pleasant strawberry;available;True
Epson Expression Home XP;price_abs;-4137
AMD Ryzen 5;quantity_add;1
Razer Variau;available;True
elegant banana;price_abs;0
trendy scaffolding;remove;
EVGA 500B 80+ BRONZE;quantity_sub;-8
delightful kiwifruit;remove;
trendy sunscreen;quantity_sub;-85
WD Blue HDD;quantity_sub;-4
refined roofing;price_percent;-0.18
Corsair HS60;price_percent;0.13
delightful papaya;quantity_sub;-155
delightful guava;price_percent;0.16
sublime blueberry;quantity_add;191
delightful toner;quantity_sub;-138
nice paint;price_abs;3
elegant melon;remove;
sublime trim;price_percent;0.03
Kingston Canvas Select Plus;price_percent;-0.1
SteelSeries Arctis 7;price_percent;0.09
nice wallpaper;quantity_add;41
Brother DCP-T510W;quantity_add;10
NVIDIA GeForce GTX 1050;quantity_add;1
delightful serum;price_abs;14
marvelous flooring;price_percent;0.2
SteelSeries Arctis 7;available;False
WD Blue HDD;quantity_add;8
sublime blueberry;quantity_sub;-4
Razer Variau;price_percent;0.0
EVGA 500B 80+ BRONZE;available;True
HyperX DDR4 RAM;remove;
marvelous moustache wax;quantity_add;127
trendy toothpaste;available;False
WD Blue HDD;quantity_sub;-2
trendy tape measure;price_abs;10
NVIDIA GeForce GTX 1050;remove;
amazing guava;quantity_sub;-178
pretty paint;available;False
elegant melon;quantity_add;86
Corsair HS60;price_percent;0.03
elegant ladder;available;True
SteelSeries Arctis 7;remove;
glamorous ladder;price_abs;-4
delightful nails;price_percent;0.2
HP LaserJet Pro;quantity_add;3
pleasant strawberry;remove;
refined body wash;available;False
attractive toothpaste;available;False
attractive drywall;available;True
AMD Ryzen 5;quantity_sub;-3
tasteful papaya;quantity_add;34
nice body wash;quantity_sub;-130
Brother DCP-T510W;quantity_sub;-1
tasteful electrical;price_abs;4
delightful guava;quantity_sub;-111
sublime glue;price_percent;0.02
exquisite moisturizer;available;True
Kingston Canvas Select Plus;remove;
SteelSeries Arctis 7;quantity_add;6
magnificent screws;remove;
Intel Core i5;available;False
pleasant cranberry;remove;
trendy night cream;price_abs;2
SteelSeries Arctis 7;price_abs;-6951
beautiful sunscreen;quantity_sub;-14
pretty face wash;quantity_add;29
glamorous serum;quantity_add;35
beautiful sunscreen;quantity_add;12
sublime orange;price_percent;-0.13
amazing facial cleanser;price_percent;0.17
magnificent perfume;remove;
pleasant siding;available;False
sublime paint;price_abs;-2
HyperX DDR4 RAM;quantity_sub;-2
beautiful banana;remove;
elegant cherry;quantity_add;93
delightful papaya;remove;
refined banana;remove;
glamorous serum;available;True
superb boysenberry;quantity_add;16
luxurious raspberry;available;False
trendy tape measure;available;True
Kingston Canvas Select Plus;quantity_add;7
EVGA 500B 80+ BRONZE;quantity_add;2
trendy scaffolding;quantity_add;164
Epson Expression Home XP;quantity_sub;-2
Samsung 970 EVO SSD;quantity_sub;-9
Intel Core i5;quantity_sub;-1
nice moustache wax;price_percent;0.19
tasteful electrical;quantity_sub;-96
pretty toner;quantity_sub;-45
refined hammer;quantity_add;41
superb strawberry;available;True
pleasant eye cream;quantity_add;19
attractive perfume;quantity_sub;-159
amazing guava;price_percent;0.06
pretty toner;available;True
AMD Ryzen 5;available;True
AMD Ryzen 5;available;True
Samsung 970 EVO SSD;quantity_sub;-4
delightful papaya;price_abs;1
sublime paint;price_abs;-2
Samsung 970 EVO SSD;price_percent;-0.12
attractive papaya;available;False
amazing face wash;price_abs;-2
NVIDIA GeForce GTX 1050;quantity_add;1
delightful moisturizer;available;False
delightful scaffolding;quantity_add;18
refined body wash;remove;
refined apricot;price_percent;0.11
pretty toner;price_abs;12
refined tape measure;price_abs;2
glamorous lotion;remove;
exquisite plumbing;remove;
sublime trim;available;True
trendy facial cleanser;remove;
beautiful peach;remove;
luxurious raspberry;quantity_add;67
marvelous shampoo;price_percent;0.05
gorgeous apple;price_percent;0.0
NVIDIA GeForce GTX 1050;remove;
luxurious raspberry;price_abs;-5
elegant banana;price_percent;-0.13
trendy facial cleanser;price_abs;0
AMD Ryzen 5;quantity_add;1
delightful lotion;price_percent;0.08
attractive papaya;available;True
elegant melon;price_percent;0.03
HyperX DDR4 RAM;remove;
Samsung 970 EVO SSD;remove;
EVGA 500B 80+ BRONZE;quantity_sub;-3
delightful tape measure;quantity_add;46
Samsung 970 EVO SSD;remove;
trendy level;quantity_sub;-77
superb boysenberry;quantity_sub;-108
AMD Ryzen 5;quantity_sub;-2
amazing facial cleanser;price_abs;5
pleasant facial cleanser;quantity_sub;-39
HyperX DDR4 RAM;available;True
Ricoh Aficio MP;price_percent;0.08
SteelSeries Arctis 7;quantity_add;3
elegant banana;price_abs;3
elegant sunscreen;price_abs;-10
sublime paint;price_abs;-4
elegant banana;quantity_sub;-136
gorgeous nail file;price_abs;2
refined conditioner;price_percent;-0.08
elegant sunscreen;quantity_add;36
pleasant orange;price_percent;-0.13
Epson Expression Home XP;price_abs;8401
WD Blue HDD;remove;
refined body wash;available;True
delightful tape measure;available;True
elegant wheelbarrow;price_abs;-2
glamorous serum;quantity_add;13
nice moustache wax;quantity_add;1
Epson Expression Home XP;remove;
elegant makeup remover;remove;
magnificent shampoo;remove;
superb strawberry;available;True
marvelous insulation;price_percent;0.01
elegant makeup remover;quantity_add;4
elegant doors;quantity_sub;-76
delightful kiwifruit;quantity_add;92
WD Blue HDD;price_abs;-535
magnificent shampoo;remove;
magnificent screws;quantity_add;93
tasteful glue;price_percent;0.03
gorgeous nail polish;quantity_sub;-17
Ricoh Aficio MP;price_percent;0.2
SteelSeries Arctis 7;remove;
HP LaserJet Pro;remove;
gorgeous nail file;remove;
pleasant tile;quantity_sub;-45
HP LaserJet Pro;quantity_sub;-5
refined body wash;price_percent;-0.04
trendy tape measure;price_abs;5
sublime glue;price_abs;2
refined melon;price_abs;7
nice serum;price_percent;-0.05
SteelSeries Arctis 7;available;True
sublime blueberry;price_abs;-18
HP LaserJet Pro;price_percent;0.12
beautiful sunscreen;available;True
exquisite moisturizer;quantity_sub;-77
HP LaserJet Pro;price_percent;0.08
Kingston Canvas Select Plus;quantity_sub;-11
delightful scaffolding;quantity_add;122
pretty melon;remove;
elegant sunscreen;remove;
HyperX DDR4 RAM;remove;
Samsung 970 EVO SSD;quantity_add;8
marvelous wheelbarrow;quantity_sub;-40
Epson Expression Home XP;quantity_add;2
trendy facial cleanser;price_percent;-0.11
HyperX DDR4 RAM;quantity_sub;-1
elegant banana;price_percent;-0.1
AMD Ryzen 5;price_abs;2273
sublime trim;price_percent;-0.15
amazing facial cleanser;remove;
SteelSeries Arctis 7;quantity_add;4
Canon PIXMA;remove;
stylish wheelbarrow;price_abs;-1
Samsung 970 EVO SSD;price_abs;-2536
pleasant tile;available;False
Corsair HS60;price_abs;-3219
trendy level;price_percent;-0.15
elegant wheelbarrow;available;True
AMD Ryzen 5;price_abs;27501.100000000002
nice paint;price_percent;0.12
EVGA 500B 80+ BRONZE;price_percent;-0.09
EVGA 500B 80+ BRONZE;quantity_sub;-1
attractive drywall;price_abs;15
tasteful glue;quantity_sub;-47
stylish manicure set;remove;
pleasant eye cream;price_percent;0.03
delightful sunscreen;price_percent;-0.02
trendy level;available;True
trendy facial cleanser;price_abs;-1
magnificent baby shampoo;quantity_add;67
HyperX DDR4 RAM;price_percent;-0.05
superb strawberry;quantity_add;74
marvelous shampoo;price_percent;0.07
Brother DCP-T510W;quantity_add;12
Epson Expression Home XP;price_percent;0.2
trendy tape measure;price_abs;13
Brother DCP-T510W;remove;
Logitech Wireless Keyboard;quantity_sub;-1
Samsung 970 EVO SSD;price_percent;0.04
glamorous apple;remove;
Kingston Canvas Select Plus;price_abs;12016.400000000001
pretty hammer;available;True
delightful scaffolding;price_abs;0
WD Blue HDD;price_abs;5310
HyperX DDR4 RAM;price_abs;734
tasteful electrical;remove;
pleasant facial cleanser;price_abs;2
Corsair HS60;price_percent;0.14
Corsair HS60;price_abs;107411.70000000001
marvelous flooring;quantity_add;75
delightful tape measure;available;True
sublime paint;quantity_sub;-62
refined body wash;quantity_sub;-91
pretty face wash;quantity_add;105
refined melon;quantity_sub;-26
exquisite moisturizer;price_percent;0.03
nice ladder;price_abs;-13
pleasant insulation;quantity_sub;-107
trendy blueberry;price_abs;50.90800000000001
pleasant strawberry;remove;
beautiful sunscreen;quantity_sub;-11
HP LaserJet Pro;quantity_sub;-3
beautiful banana;quantity_add;72
magnificent shampoo;remove;
luxurious raspberry;remove;
EVGA 500B 80+ BRONZE;remove;
delightful guava;remove;
stylish lip balm;remove;
NVIDIA GeForce GTX 1050;price_percent;-0.02
HP LaserJet Pro;available;False
gorgeous nail polish;available;True
gorgeous nail polish;price_percent;-0.08
magnificent perfume;remove;
pretty paint;price_abs;60.126
WD Blue HDD;available;False
SteelSeries Arctis 7;available;True
amazing siding;price_abs;5
exquisite moisturizer;quantity_add;53
Corsair HS60;remove;
Corsair HS60;quantity_sub;-2
amazing mango;remove;
trendy boysenberry;quantity_add;28
Corsair HS60;price_percent;-0.01
HyperX DDR4 RAM;available;True
delightful glue;quantity_sub;-78
glamorous toner;quantity_add;48
Ricoh Aficio MP;available;False
Corsair HS60;quantity_add;2
pleasant tile;price_abs;-8
trendy tape measure;price_percent;0.07
amazing pineapple;quantity_add;103
Samsung 970 EVO SSD;remove;
refined hammer;quantity_add;94
luxurious raspberry;quantity_add;105
pleasant tile;quantity_sub;-50
nice wallpaper;quantity_sub;-27
HyperX DDR4 RAM;quantity_add;11
trendy scaffolding;price_percent;0.05
Intel Core i5;available;True
Logitech Wireless Keyboard;remove;
elegant melon;remove;
EVGA 500B 80+ BRONZE;price_abs;6122
marvelous flooring;remove;
Samsung 970 EVO SSD;price_abs;-890
elegant banana;quantity_add;143
tasteful electrical;available;True
trendy sunscreen;remove;
Kingston Canvas Select Plus;available;True
Intel Core i5;price_abs;-10126
delightful kiwifruit;quantity_sub;-87
SteelSeries Arctis 7;quantity_add;14
refined body wash;available;False
AMD Ryzen 5;quantity_add;2
HP LaserJet Pro;available;False
exquisite paint;price_abs;3
gorgeous apple;available;True
WD Blue HDD;remove;
Intel Core i5;price_abs;-13369
beautiful nail polish;quantity_add;47
marvelous moustache wax;quantity_add;96
trendy tape measure;quantity_add;95
gorgeous bubble bath;available;False
glamorous blackberry;quantity_sub;-17
HyperX DDR4 RAM;price_abs;4198
pleasant facial cleanser;price_abs;17.776000000000003
Ricoh Aficio MP;quantity_sub;-5
nice body wash;price_abs;83.18200000000002
attractive papaya;available;True
elegant doors;available;False
elegant banana;remove;
Corsair HS60;available;False
refined chisel;price_abs;-2
refined body wash;available;True
attractive papaya;price_abs;-11
delightful scaffolding;quantity_sub;-38
beautiful boysenberry;available;True
Brother DCP-T510W;available;True
trendy scaffolding;quantity_add;177
trendy scaffolding;remove;
sublime blueberry;quantity_sub;-154
delightful moisturizer;quantity_add;27
attractive papaya;available;True
stylish baby shampoo;quantity_sub;-10
beautiful peach;available;True
refined banana;price_percent;0.08
trendy night cream;quantity_sub;-53
refined hammer;quantity_sub;-105
trendy sunscreen;price_abs;11
refined banana;available;True
trendy night cream;available;False
trendy axe;available;True
elegant ladder;quantity_add;35
tasteful papaya;price_abs;4
refined melon;quantity_add;28
Razer Variau;remove;
pleasant facial cleanser;quantity_sub;-49
WD Blue HDD;quantity_sub;-4
Corsair HS60;price_percent;-0.17
Kingston Canvas Select Plus;available;True
delightful lotion;quantity_sub;-129
SteelSeries Arctis 7;price_abs;-7705
pretty paint;available;False
stylish manicure set;quantity_sub;-17
attractive nail polish;available;True
glamorous perfume;remove;
delightful serum;remove;
HyperX DDR4 RAM;quantity_sub;-7
Corsair HS60;available;True
delightful toner;price_percent;-0.16
trendy tape measure;price_percent;-0.14
NVIDIA GeForce GTX 1050;remove;
glamorous ladder;remove;
EVGA 500B 80+ BRONZE;price_abs;-8656
delightful serum;available;True
pleasant siding;price_percent;0.18
beautiful banana;remove;
glamorous moisturizer;price_abs;-1
HyperX DDR4 RAM;remove;
Logitech Wireless Keyboard;available;False
SteelSeries Arctis 7;price_percent;-0.04
NVIDIA GeForce GTX 1050;available;True
sublime trim;available;False
SteelSeries Arctis 7;quantity_sub;-1
amazing facial cleanser;price_percent;-0.04
magnificent perfume;remove;
magnificent toner;price_percent;-0.13
delightful kiwifruit;quantity_sub;-34
refined chisel;quantity_sub;-50
refined hammer;available;True
beautiful sunscreen;available;True
trendy level;remove;
Ricoh Aficio MP;price_percent;0.17
glamorous serum;price_abs;-4
magnificent sunscreen;price_abs;0
beautiful sunscreen;available;True
delightful scaffolding;price_abs;2
HP LaserJet Pro;price_abs;4557
tasteful papaya;quantity_sub;-22
trendy axe;quantity_add;36
trendy axe;remove;
stylish baby shampoo;remove;
HP LaserJet Pro;available;True
trendy facial cleanser;price_percent;-0.12
tasteful electrical;price_percent;-0.19
Corsair HS60;remove;
elegant windows;quantity_add;41
refined tape measure;quantity_add;108
stylish manicure set;quantity_add;87
stylish manicure set;quantity_sub;-109
Logitech Wireless Keyboard;price_abs;-739
trendy level;quantity_add;6
SteelSeries Arctis 7;quantity_sub;-4
delightful nails;quantity_add;43
magnificent sunscreen;quantity_add;56
sublime paint;remove;
refined banana;quantity_sub;-167
refined melon;price_abs;102.00300000000001
Razer Variau;price_abs;8780
glamorous serum;remove;
SteelSeries Arctis 7;available;True
glamorous toner;quantity_add;117
magnificent shampoo;quantity_add;80
EVGA 500B 80+ BRONZE;available;True
magnificent screws;quantity_sub;-163
pleasant siding;quantity_sub;-20
delightful tape measure;price_percent;-0.03
refined melon;remove;
HP LaserJet Pro;quantity_sub;-2
trendy toothpaste;price_percent;0.02
refined roofing;quantity_sub;-4
amazing facial cleanser;price_abs;9
Razer Variau;available;False
stylish baby shampoo;quantity_add;141
glamorous serum;quantity_add;31
delightful mango;price_abs;9
marvelous tile;price_abs;0
marvelous tile;quantity_sub;-112
luxurious raspberry;quantity_sub;-31
glamorous lotion;quantity_sub;-129
delightful scaffolding;remove;
SteelSeries Arctis 7;remove;
refined apricot;available;True
Corsair HS60;quantity_add;4
delightful guava;quantity_sub;-150
NVIDIA GeForce GTX 1050;available;True
NVIDIA GeForce GTX 1050;quantity_sub;-2
refined chisel;quantity_sub;-66
elegant melon;price_percent;-0.06
EVGA 500B 80+ BRONZE;quantity_sub;-7
elegant makeup remover;price_percent;0.05
Brother DCP-T510W;quantity_add;2
WD Blue HDD;price_abs;34750.100000000006
amazing siding;available;False
SteelSeries Arctis 7;available;False
HyperX DDR4 RAM;remove;
stylish electrical;remove;
Logitech Wireless Keyboard;price_abs;7965
EVGA 500B 80+ BRONZE;remove;
nice body wash;remove;
magnificent baby shampoo;price_percent;0.03
pleasant siding;remove;
pretty face wash;remove;
exquisite moisturizer;price_percent;0.16
Logitech Wireless Keyboard;price_percent;0.17
glamorous blackberry;price_percent;0.11
pleasant strawberry;quantity_sub;-67
pleasant eye cream;available;False
stylish baby shampoo;available;True
elegant banana;quantity_sub;-4
sublime grapes;quantity_sub;-107
marvelous ladder;price_abs;28.479000000000003
refined conditioner;price_abs;4
trendy blueberry;price_abs;-2
pleasant insulation;quantity_add;57
NVIDIA GeForce GTX 1050;available;True
Kingston Canvas Select Plus;remove;
delightful mango;available;False
Corsair HS60;quantity_add;1
stylish electrical;quantity_add;127
pleasant cranberry;available;True
stylish lip balm;price_percent;-0.01
NVIDIA GeForce GTX 1050;quantity_add;4
EVGA 500B 80+ BRONZE;remove;
tasteful electrical;quantity_add;89
pleasant strawberry;available;False
Corsair HS60;quantity_add;1
delightful toner;price_abs;98.49400000000001
pleasant siding;available;True
pleasant tile;available;True
Corsair HS60;remove;
beautiful banana;price_percent;0.01
pleasant siding;available;True
SteelSeries Arctis 7;price_abs;15963
nice wallpaper;quantity_add;14
elegant ladder;quantity_add;38
elegant melon;price_abs;10
magnificent shampoo;remove;
trendy tape measure;remove;
pleasant apple;available;False
Razer Variau;remove;
delightful serum;price_abs;11
SteelSeries Arctis 7;price_percent;0.12
glamorous blackberry;quantity_add;55
magnificent sunscreen;price_percent;0.13
Kingston Canvas Select Plus;remove;
Kingston Canvas Select Plus;quantity_sub;-2
Logitech Wireless Keyboard;price_abs;878
SteelSeries Arctis 7;quantity_add;5
glamorous blackberry;remove;
SteelSeries Arctis 7;price_percent;-0.02
amazing facial cleanser;quantity_add;99
NVIDIA GeForce GTX 1050;quantity_add;1
beautiful night cream;quantity_sub;-106
Brother DCP-T510W;remove;
pretty face wash;quantity_add;83
pretty toner;quantity_add;26
pleasant eye cream;quantity_add;25
glamorous serum;quantity_sub;-88
refined tape measure;remove;
exquisite moisturizer;quantity_sub;-96
nice wallpaper;quantity_sub;-41
sublime orange;price_abs;49.489000000000004
Canon PIXMA;price_abs;1035
pleasant siding;remove;
pretty paint;quantity_add;53
beautiful boysenberry;quantity_sub;-84
AMD Ryzen 5;available;True
refined body wash;price_percent;0.09
nice body wash;quantity_sub;-78
NVIDIA GeForce GTX 1050;remove;
elegant sunscreen;remove;
tasteful electrical;quantity_add;64
Corsair HS60;remove;
marvelous shampoo;price_abs;107.272
pleasant cranberry;quantity_add;32
HyperX DDR4 RAM;price_percent;0.11
elegant melon;remove;
