Refined Rags,+99852227019,Venezuela,60289₽,revolution
Body Bliss,+64655739827,Bolivia,95234₽,love
Haute Hues,+52899595477,Georgia,70004₽,cigarette
Elegant Ensembles,+32212761769,Seychelles,57445₽,weakness
Fashion Fusion,+47376198585,Rwanda,72581₽,preparation
Modish Mannequins,+37749416190,Georgia,62648₽,agreement
Elite Elegance,+41468320986,Gabon,68037₽,family
Skin Studio,+64443796126,Belize,47753₽,cell
Makeup Maven,+20694433927,Antigua and Barbuda,67775₽,contribution
Smart Styles,+83111899352,Czech Republic,61101₽,contract
Trendsetting Tailors,+42838326975,Indonesia,26316₽,explanation
Fine Fabrics,+97119912426,Syria,73369₽,secretary
Stylish Silhouettes,+57811323023,Madagascar,57508₽,hair
Urban Upmarket,+70677733297,Antigua and Barbuda,10596₽,midnight
Skin Studio,+31248349941,Nicaragua,55399₽,preparation
Classy Chic,+18311084333,Spain,64131₽,mode
Trendy Threads,+49566063043,Myanmar (Burma),69116₽,sample
Salon Suites,+61674454873,Papua New Guinea,84906₽,employment
Sophisticated Sewing,+54609950326,Palau,84740₽,weakness
Posh Patterns,+79538855009,Central African Republic,28500₽,pie
Trendsetting Tailors,+55380411952,Djibouti,23847₽,series
Fashion Fusion,+8657491327,Samoa,96825₽,organization
Elegant Ensembles,+70415533110,Cuba,84509₽,refrigerator
Body Bliss,+90517893828,Serbia,88100₽,tennis
Crisp Creations,+56617348799,Antigua and Barbuda,90353₽,cell
Crisp Creations,+22258099114,Cameroon,59892₽,employment
Smart Styles,+63742240656,Tajikistan,56925₽,administration
Fine Fabrics,+58594415432,Georgia,22581₽,thanks
Sophisticated Sewing,+589603925,Solomon Islands,19656₽,administration
Chic Boutique,+22655334628,Azerbaijan,80167₽,selection
Posh Patterns,+0143667881,Romania,15779₽,library
Glow Getter,+50396484788,Qatar,59227₽,truth
Fashion Forward,+65724388441,Egypt,43766₽,contract
Fashion Forward,+59867129366,Comoros,99600₽,cookie
Dapper Designs,+71587911911,Turkey,35068₽,advertising
Smart Styles,+41577756641,Pakistan,12851₽,thanks
Elite Elegance,+9449842050,Ghana,40850₽,newspaper
Classy Collections,+78536092266,Uruguay,69222₽,midnight
Chic Boutique,+38872951937,Cote d'Ivoire,67031₽,injury
Salon Suites,+42514754021,Saint Kitts and Nevis,61723₽,republic
Sleek Styles,+68141952499,Macedonia,22634₽,series
Modish Mannequins,+11359169445,United Kingdom,13292₽,tea
Trendsetting Tailors,+63596174804,Nigeria,22777₽,oven
Lash Lounge,+18694636056,Suriname,82242₽,ladder
Sleek Styles,+2668272388,Sweden,24852₽,explanation
Dapper Designs,+44142708198,Canada,93897₽,explanation
Skin Studio,+99880109959,Jamaica,15832₽,weakness
Sleek Styles,+69143466023,Djibouti,13781₽,woman
Sophisticated Sewing,+17851886394,China,99707₽,passenger
Lash Lounge,+19780201747,Colombia,37183₽,mode
Lash Lounge,+80636781297,Costa Rica,77388₽,woman
Chic Boutique,+71182133875,Bosnia and Herzegovina,43071₽,signature
Lash Lounge,+48209523052,Turkey,12428₽,steak
Modern Maven,+2753539707,Bahrain,90270₽,user
Sophisticated Sewing,+32709915145,Zambia,83049₽,sample
Body Bliss,+72782292963,India,94722₽,advice
Stellar Stitches,+86533807850,Vietnam,76520₽,advertising
Smart Styles,+43337223183,Papua New Guinea,31612₽,drama
Sophisticated Sewing,+47867372370,"Korea, South",71841₽,republic
Skin Studio,+9222042754,United Kingdom,96111₽,affair
Chic Couture,+84446890117,Canada,20556₽,oven
Wellness World,+7269989733,Belgium,74427₽,tea
Chic Couture,+53146143348,Burkina Faso,39662₽,refrigerator
Elegant Ensembles,+29276856541,Croatia,94087₽,preparation
Smart Styles,+18170591238,Iceland,64613₽,emphasis
Fine Fabrics,+52678130576,United Kingdom,30111₽,refrigerator
Elite Elegance,+96415696998,Lesotho,84627₽,death
